,precision,recall,f1-score,support
0,0.9013026052104208,0.9977814753189129,0.9470913398262701,1803.0
1,0.0,0.0,0.0,197.0
accuracy,0.8995,0.8995,0.8995,0.8995
macro avg,0.4506513026052104,0.49889073765945646,0.47354566991313507,2000.0
weighted avg,0.8125242985971944,0.8995,0.8538028428533826,2000.0
